,acc_1,acc_5,acc_10
0,0.06800000369548798,0.19599999487400055,0.3840000033378601
